Region,Quarter,Indicator,IP_Yes,IP_No,IP_Dont_Know,Total
Region III (Central Luzon),Q3 2025,Pregnant Women,0,298,0,298
Region III (Central Luzon),Q3 2025,Women of Reproductive Age (WRA),7,17810,6,17823
Region III (Central Luzon),Q3 2025,Children less than 6 months,0,236,1,237
Region III (Central Luzon),Q3 2025,Children 6–11 months,1,272,0,273
Region III (Central Luzon),Q3 2025,Children 12–23 months,0,525,0,525
Region III (Central Luzon),Q3 2025,Children 24–59 months,0,1967,1,1968
Region III (Central Luzon),Q4 2025,Pregnant Women,0,284,0,284
Region III (Central Luzon),Q4 2025,Women of Reproductive Age (WRA),8,17418,3,17429
Region III (Central Luzon),Q4 2025,Children less than 6 months,0,366,1,367
Region III (Central Luzon),Q4 2025,Children 6–11 months,0,303,1,304
Region III (Central Luzon),Q4 2025,Children 12–23 months,1,626,1,628
Region III (Central Luzon),Q4 2025,Children 24–59 months,0,2128,3,2131
Region III (Central Luzon),Q1 2026,Pregnant Women,0,300,0,300
Region III (Central Luzon),Q1 2026,Women of Reproductive Age (WRA),11,17507,4,17522
Region III (Central Luzon),Q1 2026,Children less than 6 months,0,398,1,399
Region III (Central Luzon),Q1 2026,Children 6–11 months,0,338,2,340
Region III (Central Luzon),Q1 2026,Children 12–23 months,1,671,0,672
Region III (Central Luzon),Q1 2026,Children 24–59 months,0,2332,4,2336
Region III (Central Luzon),Q2 2026,Pregnant Women,0,355,0,355
Region III (Central Luzon),Q2 2026,Women of Reproductive Age (WRA),12,17325,4,17341
Region III (Central Luzon),Q2 2026,Children less than 6 months,2,329,0,331
Region III (Central Luzon),Q2 2026,Children 6–11 months,0,408,2,410
Region III (Central Luzon),Q2 2026,Children 12–23 months,2,690,1,693
Region III (Central Luzon),Q2 2026,Children 24–59 months,0,2337,3,2340
Region IV-A (Calabarzon),Q3 2025,Pregnant Women,26,1571,3,1600
Region IV-A (Calabarzon),Q3 2025,Women of Reproductive Age (WRA),1003,73034,246,74283
Region IV-A (Calabarzon),Q3 2025,Children less than 6 months,18,1319,4,1341
Region IV-A (Calabarzon),Q3 2025,Children 6–11 months,20,1657,3,1680
Region IV-A (Calabarzon),Q3 2025,Children 12–23 months,48,3164,7,3219
Region IV-A (Calabarzon),Q3 2025,Children 24–59 months,135,10309,25,10469
Region IV-A (Calabarzon),Q4 2025,Pregnant Women,33,1239,3,1275
Region IV-A (Calabarzon),Q4 2025,Women of Reproductive Age (WRA),1795,64013,179,65987
Region IV-A (Calabarzon),Q4 2025,Children less than 6 months,27,992,3,1022
Region IV-A (Calabarzon),Q4 2025,Children 6–11 months,29,1085,3,1117
Region IV-A (Calabarzon),Q4 2025,Children 12–23 months,73,2564,4,2641
Region IV-A (Calabarzon),Q4 2025,Children 24–59 months,275,8658,19,8952
Region IV-A (Calabarzon),Q1 2026,Pregnant Women,43,1697,7,1747
Region IV-A (Calabarzon),Q1 2026,Women of Reproductive Age (WRA),2110,92303,307,94720
Region IV-A (Calabarzon),Q1 2026,Children less than 6 months,36,1675,9,1720
Region IV-A (Calabarzon),Q1 2026,Children 6–11 months,42,1670,8,1720
Region IV-A (Calabarzon),Q1 2026,Children 12–23 months,105,4080,12,4197
Region IV-A (Calabarzon),Q1 2026,Children 24–59 months,410,13960,36,14406
Region IV-A (Calabarzon),Q2 2026,Pregnant Women,57,2562,4,2623
Region IV-A (Calabarzon),Q2 2026,Women of Reproductive Age (WRA),1720,95952,410,98082
Region IV-A (Calabarzon),Q2 2026,Children less than 6 months,42,1960,13,2015
Region IV-A (Calabarzon),Q2 2026,Children 6–11 months,46,2416,9,2471
Region IV-A (Calabarzon),Q2 2026,Children 12–23 months,108,5197,12,5317
Region IV-A (Calabarzon),Q2 2026,Children 24–59 months,380,16982,58,17420
Region IV-B (Mimaropa),Q3 2025,Pregnant Women,278,906,5,1189
Region IV-B (Mimaropa),Q3 2025,Women of Reproductive Age (WRA),12817,50880,388,64085
Region IV-B (Mimaropa),Q3 2025,Children less than 6 months,155,440,2,597
Region IV-B (Mimaropa),Q3 2025,Children 6–11 months,186,585,5,776
Region IV-B (Mimaropa),Q3 2025,Children 12–23 months,471,1423,10,1904
Region IV-B (Mimaropa),Q3 2025,Children 24–59 months,2539,6852,53,9444
Region IV-B (Mimaropa),Q4 2025,Pregnant Women,264,728,2,994
Region IV-B (Mimaropa),Q4 2025,Women of Reproductive Age (WRA),10293,37430,206,47929
Region IV-B (Mimaropa),Q4 2025,Children less than 6 months,183,536,4,723
Region IV-B (Mimaropa),Q4 2025,Children 6–11 months,244,620,4,868
Region IV-B (Mimaropa),Q4 2025,Children 12–23 months,555,1416,6,1977
Region IV-B (Mimaropa),Q4 2025,Children 24–59 months,2023,5054,22,7099
Region IV-B (Mimaropa),Q1 2026,Pregnant Women,366,1112,11,1489
Region IV-B (Mimaropa),Q1 2026,Women of Reproductive Age (WRA),15606,59617,402,75625
Region IV-B (Mimaropa),Q1 2026,Children less than 6 months,277,914,4,1195
Region IV-B (Mimaropa),Q1 2026,Children 6–11 months,319,965,6,1290
Region IV-B (Mimaropa),Q1 2026,Children 12–23 months,892,2370,13,3275
Region IV-B (Mimaropa),Q1 2026,Children 24–59 months,3350,8573,50,11973
Region IV-B (Mimaropa),Q2 2026,Pregnant Women,416,1217,9,1642
Region IV-B (Mimaropa),Q2 2026,Women of Reproductive Age (WRA),14322,59678,343,74343
Region IV-B (Mimaropa),Q2 2026,Children less than 6 months,232,790,4,1026
Region IV-B (Mimaropa),Q2 2026,Children 6–11 months,324,1124,9,1457
Region IV-B (Mimaropa),Q2 2026,Children 12–23 months,789,2371,18,3178
Region IV-B (Mimaropa),Q2 2026,Children 24–59 months,3041,8707,42,11790
Region IX (Zamboanga Peninsula),Q3 2025,Pregnant Women,458,916,8,1382
Region IX (Zamboanga Peninsula),Q3 2025,Women of Reproductive Age (WRA),19475,42457,583,62515
Region IX (Zamboanga Peninsula),Q3 2025,Children less than 6 months,422,594,1,1017
Region IX (Zamboanga Peninsula),Q3 2025,Children 6–11 months,459,646,2,1107
Region IX (Zamboanga Peninsula),Q3 2025,Children 12–23 months,894,1410,6,2310
Region IX (Zamboanga Peninsula),Q3 2025,Children 24–59 months,3237,5232,80,8549
Region IX (Zamboanga Peninsula),Q4 2025,Pregnant Women,544,963,10,1517
Region IX (Zamboanga Peninsula),Q4 2025,Women of Reproductive Age (WRA),19854,43710,627,64191
Region IX (Zamboanga Peninsula),Q4 2025,Children less than 6 months,420,590,2,1012
Region IX (Zamboanga Peninsula),Q4 2025,Children 6–11 months,484,714,3,1201
Region IX (Zamboanga Peninsula),Q4 2025,Children 12–23 months,1022,1517,10,2549
Region IX (Zamboanga Peninsula),Q4 2025,Children 24–59 months,3478,5652,74,9204
Region IX (Zamboanga Peninsula),Q1 2026,Pregnant Women,514,839,10,1363
Region IX (Zamboanga Peninsula),Q1 2026,Women of Reproductive Age (WRA),19716,43199,373,63288
Region IX (Zamboanga Peninsula),Q1 2026,Children less than 6 months,409,664,0,1073
Region IX (Zamboanga Peninsula),Q1 2026,Children 6–11 months,520,790,4,1314
Region IX (Zamboanga Peninsula),Q1 2026,Children 12–23 months,1107,1619,8,2734
Region IX (Zamboanga Peninsula),Q1 2026,Children 24–59 months,3653,5852,47,9552
Region IX (Zamboanga Peninsula),Q2 2026,Pregnant Women,556,924,14,1494
Region IX (Zamboanga Peninsula),Q2 2026,Women of Reproductive Age (WRA),20451,44733,660,65844
Region IX (Zamboanga Peninsula),Q2 2026,Children less than 6 months,399,652,2,1053
Region IX (Zamboanga Peninsula),Q2 2026,Children 6–11 months,535,846,3,1384
Region IX (Zamboanga Peninsula),Q2 2026,Children 12–23 months,1196,1791,12,2999
Region IX (Zamboanga Peninsula),Q2 2026,Children 24–59 months,3861,6165,59,10085
Region V (Bicol),Q3 2025,Pregnant Women,355,10720,46,11121
Region V (Bicol),Q3 2025,Women of Reproductive Age (WRA),14382,463282,2472,480136
Region V (Bicol),Q3 2025,Children less than 6 months,248,7958,29,8235
Region V (Bicol),Q3 2025,Children 6–11 months,306,10189,54,10549
Region V (Bicol),Q3 2025,Children 12–23 months,610,20092,92,20794
Region V (Bicol),Q3 2025,Children 24–59 months,2058,62851,374,65283
Region V (Bicol),Q4 2025,Pregnant Women,193,6191,32,6416
Region V (Bicol),Q4 2025,Women of Reproductive Age (WRA),7622,300212,1634,309468
Region V (Bicol),Q4 2025,Children less than 6 months,131,5469,10,5610
Region V (Bicol),Q4 2025,Children 6–11 months,129,5801,25,5955
Region V (Bicol),Q4 2025,Children 12–23 months,318,12995,46,13359
Region V (Bicol),Q4 2025,Children 24–59 months,1108,41989,228,43325
Region V (Bicol),Q1 2026,Pregnant Women,333,11395,46,11774
Region V (Bicol),Q1 2026,Women of Reproductive Age (WRA),15955,546732,2589,565276
Region V (Bicol),Q1 2026,Children less than 6 months,332,11380,43,11755
Region V (Bicol),Q1 2026,Children 6–11 months,304,11254,44,11602
Region V (Bicol),Q1 2026,Children 12–23 months,720,26042,108,26870
Region V (Bicol),Q1 2026,Children 24–59 months,2555,84548,455,87558
Region V (Bicol),Q2 2026,Pregnant Women,424,11916,56,12396
Region V (Bicol),Q2 2026,Women of Reproductive Age (WRA),15490,506990,2517,524997
Region V (Bicol),Q2 2026,Children less than 6 months,290,8930,37,9257
Region V (Bicol),Q2 2026,Children 6–11 months,354,11725,45,12124
Region V (Bicol),Q2 2026,Children 12–23 months,701,24118,101,24920
Region V (Bicol),Q2 2026,Children 24–59 months,2551,81095,434,84080
Region VI (Western Visayas),Q3 2025,Pregnant Women,74,975,8,1057
Region VI (Western Visayas),Q3 2025,Women of Reproductive Age (WRA),3960,51872,349,56181
Region VI (Western Visayas),Q3 2025,Children less than 6 months,75,701,5,781
Region VI (Western Visayas),Q3 2025,Children 6–11 months,67,909,7,983
Region VI (Western Visayas),Q3 2025,Children 12–23 months,167,1844,9,2020
Region VI (Western Visayas),Q3 2025,Children 24–59 months,611,6143,47,6801
Region VI (Western Visayas),Q4 2025,Pregnant Women,83,635,3,721
Region VI (Western Visayas),Q4 2025,Women of Reproductive Age (WRA),3391,42391,310,46092
Region VI (Western Visayas),Q4 2025,Children less than 6 months,62,532,8,602
Region VI (Western Visayas),Q4 2025,Children 6–11 months,66,613,5,684
Region VI (Western Visayas),Q4 2025,Children 12–23 months,146,1371,5,1522
Region VI (Western Visayas),Q4 2025,Children 24–59 months,506,4685,53,5244
Region VI (Western Visayas),Q1 2026,Pregnant Women,86,866,6,958
Region VI (Western Visayas),Q1 2026,Women of Reproductive Age (WRA),3962,56332,383,60677
Region VI (Western Visayas),Q1 2026,Children less than 6 months,82,910,10,1002
Region VI (Western Visayas),Q1 2026,Children 6–11 months,78,935,7,1020
Region VI (Western Visayas),Q1 2026,Children 12–23 months,159,2218,9,2386
Region VI (Western Visayas),Q1 2026,Children 24–59 months,624,7846,57,8527
Region VI (Western Visayas),Q2 2026,Pregnant Women,87,969,4,1060
Region VI (Western Visayas),Q2 2026,Women of Reproductive Age (WRA),3345,55857,269,59471
Region VI (Western Visayas),Q2 2026,Children less than 6 months,84,755,6,845
Region VI (Western Visayas),Q2 2026,Children 6–11 months,82,1027,8,1117
Region VI (Western Visayas),Q2 2026,Children 12–23 months,169,2230,12,2411
Region VI (Western Visayas),Q2 2026,Children 24–59 months,617,7949,56,8622
Region VII (Central Visayas),Q3 2025,Pregnant Women,53,3316,3,3372
Region VII (Central Visayas),Q3 2025,Women of Reproductive Age (WRA),1747,193081,151,194979
Region VII (Central Visayas),Q3 2025,Children less than 6 months,28,2030,6,2064
Region VII (Central Visayas),Q3 2025,Children 6–11 months,33,2403,7,2443
Region VII (Central Visayas),Q3 2025,Children 12–23 months,71,5638,8,5717
Region VII (Central Visayas),Q3 2025,Children 24–59 months,298,24068,21,24387
Region VII (Central Visayas),Q4 2025,Pregnant Women,74,2891,5,2970
Region VII (Central Visayas),Q4 2025,Women of Reproductive Age (WRA),1955,159627,141,161723
Region VII (Central Visayas),Q4 2025,Children less than 6 months,29,2018,6,2053
Region VII (Central Visayas),Q4 2025,Children 6–11 months,41,2167,4,2212
Region VII (Central Visayas),Q4 2025,Children 12–23 months,72,5137,15,5224
Region VII (Central Visayas),Q4 2025,Children 24–59 months,335,20701,25,21061
Region VII (Central Visayas),Q1 2026,Pregnant Women,72,3273,5,3350
Region VII (Central Visayas),Q1 2026,Women of Reproductive Age (WRA),1847,211009,277,213133
Region VII (Central Visayas),Q1 2026,Children less than 6 months,50,2952,8,3010
Region VII (Central Visayas),Q1 2026,Children 6–11 months,49,3244,7,3300
Region VII (Central Visayas),Q1 2026,Children 12–23 months,77,7448,21,7546
Region VII (Central Visayas),Q1 2026,Children 24–59 months,309,28844,42,29195
Region VII (Central Visayas),Q2 2026,Pregnant Women,50,3837,6,3893
Region VII (Central Visayas),Q2 2026,Women of Reproductive Age (WRA),1437,203416,219,205072
Region VII (Central Visayas),Q2 2026,Children less than 6 months,33,2395,10,2438
Region VII (Central Visayas),Q2 2026,Children 6–11 months,31,3448,9,3488
Region VII (Central Visayas),Q2 2026,Children 12–23 months,67,7215,20,7302
Region VII (Central Visayas),Q2 2026,Children 24–59 months,204,27603,39,27846
Region VIII (Eastern Visayas),Q3 2025,Pregnant Women,19,4670,5,4694
Region VIII (Eastern Visayas),Q3 2025,Women of Reproductive Age (WRA),445,221452,263,222160
Region VIII (Eastern Visayas),Q3 2025,Children less than 6 months,8,2961,6,2975
Region VIII (Eastern Visayas),Q3 2025,Children 6–11 months,10,3505,10,3525
Region VIII (Eastern Visayas),Q3 2025,Children 12–23 months,22,7387,11,7420
Region VIII (Eastern Visayas),Q3 2025,Children 24–59 months,67,27645,40,27752
Region VIII (Eastern Visayas),Q4 2025,Pregnant Women,15,5844,12,5871
Region VIII (Eastern Visayas),Q4 2025,Women of Reproductive Age (WRA),595,297896,331,298822
Region VIII (Eastern Visayas),Q4 2025,Children less than 6 months,22,4746,13,4781
Region VIII (Eastern Visayas),Q4 2025,Children 6–11 months,23,5151,11,5185
Region VIII (Eastern Visayas),Q4 2025,Children 12–23 months,43,10758,16,10817
Region VIII (Eastern Visayas),Q4 2025,Children 24–59 months,101,39194,43,39338
Region VIII (Eastern Visayas),Q1 2026,Pregnant Women,30,6859,8,6897
Region VIII (Eastern Visayas),Q1 2026,Women of Reproductive Age (WRA),871,349100,427,350398
Region VIII (Eastern Visayas),Q1 2026,Children less than 6 months,49,6441,18,6508
Region VIII (Eastern Visayas),Q1 2026,Children 6–11 months,34,6439,12,6485
Region VIII (Eastern Visayas),Q1 2026,Children 12–23 months,68,14356,30,14454
Region VIII (Eastern Visayas),Q1 2026,Children 24–59 months,145,51799,63,52007
Region VIII (Eastern Visayas),Q2 2026,Pregnant Women,25,6247,11,6283
Region VIII (Eastern Visayas),Q2 2026,Women of Reproductive Age (WRA),603,307693,419,308715
Region VIII (Eastern Visayas),Q2 2026,Children less than 6 months,38,4820,8,4866
Region VIII (Eastern Visayas),Q2 2026,Children 6–11 months,36,6082,18,6136
Region VIII (Eastern Visayas),Q2 2026,Children 12–23 months,48,12431,28,12507
Region VIII (Eastern Visayas),Q2 2026,Children 24–59 months,95,46292,56,46443
Region X (Northern Mindanao),Q3 2025,Pregnant Women,331,940,2,1273
Region X (Northern Mindanao),Q3 2025,Women of Reproductive Age (WRA),15789,52119,647,68555
Region X (Northern Mindanao),Q3 2025,Children less than 6 months,214,701,3,918
Region X (Northern Mindanao),Q3 2025,Children 6–11 months,217,804,3,1024
Region X (Northern Mindanao),Q3 2025,Children 12–23 months,553,1727,12,2292
Region X (Northern Mindanao),Q3 2025,Children 24–59 months,3041,7865,123,11029
Region X (Northern Mindanao),Q4 2025,Pregnant Women,142,1037,1,1180
Region X (Northern Mindanao),Q4 2025,Women of Reproductive Age (WRA),5508,39319,158,44985
Region X (Northern Mindanao),Q4 2025,Children less than 6 months,128,808,0,936
Region X (Northern Mindanao),Q4 2025,Children 6–11 months,141,854,7,1002
Region X (Northern Mindanao),Q4 2025,Children 12–23 months,263,1798,9,2070
Region X (Northern Mindanao),Q4 2025,Children 24–59 months,1449,7898,39,9386
Region X (Northern Mindanao),Q1 2026,Pregnant Women,274,914,4,1192
Region X (Northern Mindanao),Q1 2026,Women of Reproductive Age (WRA),10333,45234,224,55791
Region X (Northern Mindanao),Q1 2026,Children less than 6 months,271,977,0,1248
Region X (Northern Mindanao),Q1 2026,Children 6–11 months,292,1041,2,1335
Region X (Northern Mindanao),Q1 2026,Children 12–23 months,556,2288,16,2860
Region X (Northern Mindanao),Q1 2026,Children 24–59 months,2513,9349,48,11910
Region X (Northern Mindanao),Q2 2026,Pregnant Women,239,1041,5,1285
Region X (Northern Mindanao),Q2 2026,Women of Reproductive Age (WRA),6098,37151,216,43465
Region X (Northern Mindanao),Q2 2026,Children less than 6 months,150,675,2,827
Region X (Northern Mindanao),Q2 2026,Children 6–11 months,228,894,0,1122
Region X (Northern Mindanao),Q2 2026,Children 12–23 months,384,1948,8,2340
Region X (Northern Mindanao),Q2 2026,Children 24–59 months,1639,7707,43,9389
Region XI (Davao Region),Q3 2025,Pregnant Women,1501,660,0,2161
Region XI (Davao Region),Q3 2025,Women of Reproductive Age (WRA),50018,32556,68,82642
Region XI (Davao Region),Q3 2025,Children less than 6 months,631,368,0,999
Region XI (Davao Region),Q3 2025,Children 6–11 months,774,406,0,1180
Region XI (Davao Region),Q3 2025,Children 12–23 months,1638,919,2,2559
Region XI (Davao Region),Q3 2025,Children 24–59 months,6244,3421,7,9672
Region XI (Davao Region),Q4 2025,Pregnant Women,998,578,1,1577
Region XI (Davao Region),Q4 2025,Women of Reproductive Age (WRA),39789,29184,63,69036
Region XI (Davao Region),Q4 2025,Children less than 6 months,644,376,0,1020
Region XI (Davao Region),Q4 2025,Children 6–11 months,665,422,1,1088
Region XI (Davao Region),Q4 2025,Children 12–23 months,1431,858,2,2291
Region XI (Davao Region),Q4 2025,Children 24–59 months,5426,3269,8,8703
Region XI (Davao Region),Q1 2026,Pregnant Women,1161,573,0,1734
Region XI (Davao Region),Q1 2026,Women of Reproductive Age (WRA),53474,35124,77,88675
Region XI (Davao Region),Q1 2026,Children less than 6 months,931,487,5,1423
Region XI (Davao Region),Q1 2026,Children 6–11 months,1010,542,0,1552
Region XI (Davao Region),Q1 2026,Children 12–23 months,1992,1243,3,3238
Region XI (Davao Region),Q1 2026,Children 24–59 months,7572,4290,9,11871
Region XI (Davao Region),Q2 2026,Pregnant Women,1080,616,2,1698
Region XI (Davao Region),Q2 2026,Women of Reproductive Age (WRA),48426,34333,78,82837
Region XI (Davao Region),Q2 2026,Children less than 6 months,856,470,5,1331
Region XI (Davao Region),Q2 2026,Children 6–11 months,1101,590,2,1693
Region XI (Davao Region),Q2 2026,Children 12–23 months,2081,1229,3,3313
Region XI (Davao Region),Q2 2026,Children 24–59 months,7383,4330,11,11724
Region XII (Soccsksargen),Q3 2025,Pregnant Women,399,891,1,1291
Region XII (Soccsksargen),Q3 2025,Women of Reproductive Age (WRA),8212,37241,80,45533
Region XII (Soccsksargen),Q3 2025,Children less than 6 months,152,727,3,882
Region XII (Soccsksargen),Q3 2025,Children 6–11 months,184,821,2,1007
Region XII (Soccsksargen),Q3 2025,Children 12–23 months,420,1753,4,2177
Region XII (Soccsksargen),Q3 2025,Children 24–59 months,1680,6473,15,8168
Region XII (Soccsksargen),Q4 2025,Pregnant Women,227,865,0,1092
Region XII (Soccsksargen),Q4 2025,Women of Reproductive Age (WRA),8090,36971,79,45140
Region XII (Soccsksargen),Q4 2025,Children less than 6 months,198,703,2,903
Region XII (Soccsksargen),Q4 2025,Children 6–11 months,190,860,3,1053
Region XII (Soccsksargen),Q4 2025,Children 12–23 months,449,1823,4,2276
Region XII (Soccsksargen),Q4 2025,Children 24–59 months,1819,6699,19,8537
Region XII (Soccsksargen),Q1 2026,Pregnant Women,204,750,1,955
Region XII (Soccsksargen),Q1 2026,Women of Reproductive Age (WRA),8023,36633,77,44733
Region XII (Soccsksargen),Q1 2026,Children less than 6 months,191,730,0,921
Region XII (Soccsksargen),Q1 2026,Children 6–11 months,224,890,4,1118
Region XII (Soccsksargen),Q1 2026,Children 12–23 months,454,1927,3,2384
Region XII (Soccsksargen),Q1 2026,Children 24–59 months,1888,6934,17,8839
Region XII (Soccsksargen),Q2 2026,Pregnant Women,223,910,3,1136
Region XII (Soccsksargen),Q2 2026,Women of Reproductive Age (WRA),8612,36751,75,45438
Region XII (Soccsksargen),Q2 2026,Children less than 6 months,184,718,2,904
Region XII (Soccsksargen),Q2 2026,Children 6–11 months,262,853,3,1118
Region XII (Soccsksargen),Q2 2026,Children 12–23 months,489,1968,8,2465
Region XII (Soccsksargen),Q2 2026,Children 24–59 months,1958,6965,14,8937
Region XIII (Caraga),Q3 2025,Pregnant Women,238,664,1,903
Region XIII (Caraga),Q3 2025,Women of Reproductive Age (WRA),7821,32904,137,40862
Region XIII (Caraga),Q3 2025,Children less than 6 months,133,425,0,558
Region XIII (Caraga),Q3 2025,Children 6–11 months,164,542,1,707
Region XIII (Caraga),Q3 2025,Children 12–23 months,407,1201,4,1612
Region XIII (Caraga),Q3 2025,Children 24–59 months,1598,4451,15,6064
Region XIII (Caraga),Q4 2025,Pregnant Women,205,694,2,901
Region XIII (Caraga),Q4 2025,Women of Reproductive Age (WRA),7250,32372,138,39760
Region XIII (Caraga),Q4 2025,Children less than 6 months,147,508,1,656
Region XIII (Caraga),Q4 2025,Children 6–11 months,172,553,0,725
Region XIII (Caraga),Q4 2025,Children 12–23 months,372,1270,6,1648
Region XIII (Caraga),Q4 2025,Children 24–59 months,1518,4558,21,6097
Region XIII (Caraga),Q1 2026,Pregnant Women,311,1144,1,1456
Region XIII (Caraga),Q1 2026,Women of Reproductive Age (WRA),8492,35486,154,44132
Region XIII (Caraga),Q1 2026,Children less than 6 months,215,641,2,858
Region XIII (Caraga),Q1 2026,Children 6–11 months,184,676,1,861
Region XIII (Caraga),Q1 2026,Children 12–23 months,474,1443,5,1922
Region XIII (Caraga),Q1 2026,Children 24–59 months,1890,5326,20,7236
Region XIII (Caraga),Q2 2026,Pregnant Women,284,786,3,1073
Region XIII (Caraga),Q2 2026,Women of Reproductive Age (WRA),8831,36729,169,45729
Region XIII (Caraga),Q2 2026,Children less than 6 months,198,651,2,851
Region XIII (Caraga),Q2 2026,Children 6–11 months,251,756,0,1007
Region XIII (Caraga),Q2 2026,Children 12–23 months,494,1475,2,1971
Region XIII (Caraga),Q2 2026,Children 24–59 months,1979,5651,28,7658
